{
  "generated_at": "2026-01-01T14:50:13.833882",
  "call_count": 1642,
  "data_size_mb": 0.27,
  "target_size_mb": 50.0,
  "progress_pct": 0.5348339080810547
}